task_id,main_task,original_task,subtask_count,avg_similarity,misalignment_score,total_errors,error_sources,success_rate,subtask_id,subtask,code_snippet,subtask_result,subtask_similarity,subtask_misalignment,is_error,misalignment_cluster
,"**Feature Request: Enhanced Data Storage Solution for User Profiles**

**Objective:**
Develop a robust and scalable backend data storage solution tailored for managing and retrieving user profile information efficiently, ensuring low latency and high availability.

**Key Requirements:**

1. **Scalable NoSQL Database Integration:**
   - Implement a NoSQL database solution such as MongoDB or DynamoDB to handle dynamic user profile data. The database must support horizontal scaling to accommodate a rapidly growing user base, allowing for seamless addition of storage","**Feature Request: Enhanced Data Storage Solution for User Profiles**

**Objective:**
Develop a robust and scalable backend data storage solution tailored for managing and retrieving user profile information efficiently, ensuring low latency and high availability.

**Key Requirements:**

1. **Scalable NoSQL Database Integration:**
   - Implement a NoSQL database solution such as MongoDB or DynamoDB to handle dynamic user profile data. The database must support horizontal scaling to accommodate a rapidly growing user base, allowing for seamless addition of storage",4,0.5033948421478271,0.49660515785217285,0,,1.0,1,"Research and select a suitable NoSQL database solution (e.g., MongoDB, DynamoDB) that meets the scalability and performance requirements for user profile data.","def create_profile(user_data):
    profile = Profile.objects.create(**user_data)
    if 'avatar' in ...",Approved,0.29160282015800476,0.7083971798419952,False,Severe
,"**Feature Request: Enhanced Data Storage Solution for User Profiles**

**Objective:**
Develop a robust and scalable backend data storage solution tailored for managing and retrieving user profile information efficiently, ensuring low latency and high availability.

**Key Requirements:**

1. **Scalable NoSQL Database Integration:**
   - Implement a NoSQL database solution such as MongoDB or DynamoDB to handle dynamic user profile data. The database must support horizontal scaling to accommodate a rapidly growing user base, allowing for seamless addition of storage","**Feature Request: Enhanced Data Storage Solution for User Profiles**

**Objective:**
Develop a robust and scalable backend data storage solution tailored for managing and retrieving user profile information efficiently, ensuring low latency and high availability.

**Key Requirements:**

1. **Scalable NoSQL Database Integration:**
   - Implement a NoSQL database solution such as MongoDB or DynamoDB to handle dynamic user profile data. The database must support horizontal scaling to accommodate a rapidly growing user base, allowing for seamless addition of storage",4,0.5033948421478271,0.49660515785217285,0,,1.0,2,"Design the database schema to efficiently store and retrieve dynamic user profile information, considering indexing and partitioning strategies for optimal performance.","class ProfileManager:
    def upload_avatar(self, file):
        resized = resize_image(file)
      ...",Approved,0.2803196907043457,0.7196803092956543,False,Severe
,"**Feature Request: Enhanced Data Storage Solution for User Profiles**

**Objective:**
Develop a robust and scalable backend data storage solution tailored for managing and retrieving user profile information efficiently, ensuring low latency and high availability.

**Key Requirements:**

1. **Scalable NoSQL Database Integration:**
   - Implement a NoSQL database solution such as MongoDB or DynamoDB to handle dynamic user profile data. The database must support horizontal scaling to accommodate a rapidly growing user base, allowing for seamless addition of storage","**Feature Request: Enhanced Data Storage Solution for User Profiles**

**Objective:**
Develop a robust and scalable backend data storage solution tailored for managing and retrieving user profile information efficiently, ensuring low latency and high availability.

**Key Requirements:**

1. **Scalable NoSQL Database Integration:**
   - Implement a NoSQL database solution such as MongoDB or DynamoDB to handle dynamic user profile data. The database must support horizontal scaling to accommodate a rapidly growing user base, allowing for seamless addition of storage",4,0.5033948421478271,0.49660515785217285,0,,1.0,3,"Implement the chosen NoSQL database solution, ensuring proper configuration for horizontal scaling and high availability.","def implement_the_chosen():
    """"""Implement the chosen NoSQL database solution, ensuring proper con...",Approved,0.7033898830413818,0.29661011695861816,False,Moderate
,"**Feature Request: Enhanced Data Storage Solution for User Profiles**

**Objective:**
Develop a robust and scalable backend data storage solution tailored for managing and retrieving user profile information efficiently, ensuring low latency and high availability.

**Key Requirements:**

1. **Scalable NoSQL Database Integration:**
   - Implement a NoSQL database solution such as MongoDB or DynamoDB to handle dynamic user profile data. The database must support horizontal scaling to accommodate a rapidly growing user base, allowing for seamless addition of storage","**Feature Request: Enhanced Data Storage Solution for User Profiles**

**Objective:**
Develop a robust and scalable backend data storage solution tailored for managing and retrieving user profile information efficiently, ensuring low latency and high availability.

**Key Requirements:**

1. **Scalable NoSQL Database Integration:**
   - Implement a NoSQL database solution such as MongoDB or DynamoDB to handle dynamic user profile data. The database must support horizontal scaling to accommodate a rapidly growing user base, allowing for seamless addition of storage",4,0.5033948421478271,0.49660515785217285,0,,1.0,4,"Develop and integrate data access layers in the backend application to interact with the NoSQL database, including CRUD operations and ensuring low latency in data retrieval.","def develop_and_integrat():
    """"""Develop and integrate data access layers in the backend applicati...",Approved,0.7382670640945435,0.26173293590545654,False,Moderate
,"**Feature Request: Creation of User Authentication API Endpoint**

**Objective:**
Develop a secure API endpoint to facilitate user authentication, ensuring that only registered users can access private resources within the application.

**Endpoint Details:**

- **HTTP Method:** POST
- **Endpoint URL:** `/api/v1/auth/login`

**Key Requirements:**

1. **Authentication Mechanism:**
   - Implement JWT (JSON Web Token) for stateless authentication. Upon successful login, the server should generate and return a","**Feature Request: Creation of User Authentication API Endpoint**

**Objective:**
Develop a secure API endpoint to facilitate user authentication, ensuring that only registered users can access private resources within the application.

**Endpoint Details:**

- **HTTP Method:** POST
- **Endpoint URL:** `/api/v1/auth/login`

**Key Requirements:**

1. **Authentication Mechanism:**
   - Implement JWT (JSON Web Token) for stateless authentication. Upon successful login, the server should generate and return a",4,0.6316536068916321,0.3683463931083679,0,,0.5,1,"Design the data model for user credentials, including necessary fields such as username and password.","def design_the_data_mode():
    """"""Design the data model for user credentials, including necessary f...",Rejected,0.6962740421295166,0.3037259578704834,True,Moderate
,"**Feature Request: Creation of User Authentication API Endpoint**

**Objective:**
Develop a secure API endpoint to facilitate user authentication, ensuring that only registered users can access private resources within the application.

**Endpoint Details:**

- **HTTP Method:** POST
- **Endpoint URL:** `/api/v1/auth/login`

**Key Requirements:**

1. **Authentication Mechanism:**
   - Implement JWT (JSON Web Token) for stateless authentication. Upon successful login, the server should generate and return a","**Feature Request: Creation of User Authentication API Endpoint**

**Objective:**
Develop a secure API endpoint to facilitate user authentication, ensuring that only registered users can access private resources within the application.

**Endpoint Details:**

- **HTTP Method:** POST
- **Endpoint URL:** `/api/v1/auth/login`

**Key Requirements:**

1. **Authentication Mechanism:**
   - Implement JWT (JSON Web Token) for stateless authentication. Upon successful login, the server should generate and return a",4,0.6316536068916321,0.3683463931083679,0,,0.5,2,Implement the POST /api/v1/auth/login endpoint to accept user credentials and validate them against stored data.,"def authenticate_user(username, password):
    # TODO: Implement OAuth
    return True",Rejected,0.41364556550979614,0.5863544344902039,True,High
,"**Feature Request: Creation of User Authentication API Endpoint**

**Objective:**
Develop a secure API endpoint to facilitate user authentication, ensuring that only registered users can access private resources within the application.

**Endpoint Details:**

- **HTTP Method:** POST
- **Endpoint URL:** `/api/v1/auth/login`

**Key Requirements:**

1. **Authentication Mechanism:**
   - Implement JWT (JSON Web Token) for stateless authentication. Upon successful login, the server should generate and return a","**Feature Request: Creation of User Authentication API Endpoint**

**Objective:**
Develop a secure API endpoint to facilitate user authentication, ensuring that only registered users can access private resources within the application.

**Endpoint Details:**

- **HTTP Method:** POST
- **Endpoint URL:** `/api/v1/auth/login`

**Key Requirements:**

1. **Authentication Mechanism:**
   - Implement JWT (JSON Web Token) for stateless authentication. Upon successful login, the server should generate and return a",4,0.6316536068916321,0.3683463931083679,0,,0.5,3,Integrate JWT library to generate a token upon successful authentication and configure token expiration and signing.,"def integrate_jwt_librar():
    """"""Integrate JWT library to generate a token upon successful authent...",Approved,0.7345763444900513,0.26542365550994873,False,Moderate
,"**Feature Request: Creation of User Authentication API Endpoint**

**Objective:**
Develop a secure API endpoint to facilitate user authentication, ensuring that only registered users can access private resources within the application.

**Endpoint Details:**

- **HTTP Method:** POST
- **Endpoint URL:** `/api/v1/auth/login`

**Key Requirements:**

1. **Authentication Mechanism:**
   - Implement JWT (JSON Web Token) for stateless authentication. Upon successful login, the server should generate and return a","**Feature Request: Creation of User Authentication API Endpoint**

**Objective:**
Develop a secure API endpoint to facilitate user authentication, ensuring that only registered users can access private resources within the application.

**Endpoint Details:**

- **HTTP Method:** POST
- **Endpoint URL:** `/api/v1/auth/login`

**Key Requirements:**

1. **Authentication Mechanism:**
   - Implement JWT (JSON Web Token) for stateless authentication. Upon successful login, the server should generate and return a",4,0.6316536068916321,0.3683463931083679,0,,0.5,4,"Develop error handling and response messages for failed authentication attempts, including incorrect credentials and locked accounts.","def develop_error_handli():
    """"""Develop error handling and response messages for failed authentic...",Approved,0.6821184754371643,0.3178815245628357,True,Moderate
,"---

**Feature Request: Implementation of Enhanced User Authentication Security**

**Objective:**  
To bolster the security of the user authentication process by implementing Multi-Factor Authentication (MFA) and adaptive risk-based authentication mechanisms.

**Key Requirements:**

1. **Multi-Factor Authentication (MFA) Support:**
   - Implement MFA utilizing a combination of knowledge factors (passwords), possession factors (OTP via SMS/Email or authentication apps), and inherence factors (biometric verification).
   - Ensure the in a scalable way","---

**Feature Request: Implementation of Enhanced User Authentication Security**

**Objective:**  
To bolster the security of the user authentication process by implementing Multi-Factor Authentication (MFA) and adaptive risk-based authentication mechanisms.

**Key Requirements:**

1. **Multi-Factor Authentication (MFA) Support:**
   - Implement MFA utilizing a combination of knowledge factors (passwords), possession factors (OTP via SMS/Email or authentication apps), and inherence factors (biometric verification).
   - Ensure the",4,0.4179917275905609,0.5820082724094391,3,"synthetic_ambiguity, natural_ambiguity, subtask_3_bad_code",0.75,1,"Research and select appropriate MFA methods and tools that support knowledge, possession, and inherence factors. Ensure compatibility with existing systems and scalability.","def research_and_select_():
    """"""Research and select appropriate MFA methods and tools that suppor...",Approved,0.7152448296546936,0.2847551703453064,False,Moderate
,"---

**Feature Request: Implementation of Enhanced User Authentication Security**

**Objective:**  
To bolster the security of the user authentication process by implementing Multi-Factor Authentication (MFA) and adaptive risk-based authentication mechanisms.

**Key Requirements:**

1. **Multi-Factor Authentication (MFA) Support:**
   - Implement MFA utilizing a combination of knowledge factors (passwords), possession factors (OTP via SMS/Email or authentication apps), and inherence factors (biometric verification).
   - Ensure the in a scalable way","---

**Feature Request: Implementation of Enhanced User Authentication Security**

**Objective:**  
To bolster the security of the user authentication process by implementing Multi-Factor Authentication (MFA) and adaptive risk-based authentication mechanisms.

**Key Requirements:**

1. **Multi-Factor Authentication (MFA) Support:**
   - Implement MFA utilizing a combination of knowledge factors (passwords), possession factors (OTP via SMS/Email or authentication apps), and inherence factors (biometric verification).
   - Ensure the",4,0.4179917275905609,0.5820082724094391,3,"synthetic_ambiguity, natural_ambiguity, subtask_3_bad_code",0.75,2,"Develop and integrate the backend logic for handling MFA processes, including generating and verifying OTPs, and interfacing with biometric verification services.","def develop_and_integrat():
    """"""Develop and integrate the backend logic for handling MFA processe...",Approved,0.7745348215103149,0.22546517848968506,False,Moderate
,"---

**Feature Request: Implementation of Enhanced User Authentication Security**

**Objective:**  
To bolster the security of the user authentication process by implementing Multi-Factor Authentication (MFA) and adaptive risk-based authentication mechanisms.

**Key Requirements:**

1. **Multi-Factor Authentication (MFA) Support:**
   - Implement MFA utilizing a combination of knowledge factors (passwords), possession factors (OTP via SMS/Email or authentication apps), and inherence factors (biometric verification).
   - Ensure the in a scalable way","---

**Feature Request: Implementation of Enhanced User Authentication Security**

**Objective:**  
To bolster the security of the user authentication process by implementing Multi-Factor Authentication (MFA) and adaptive risk-based authentication mechanisms.

**Key Requirements:**

1. **Multi-Factor Authentication (MFA) Support:**
   - Implement MFA utilizing a combination of knowledge factors (passwords), possession factors (OTP via SMS/Email or authentication apps), and inherence factors (biometric verification).
   - Ensure the",4,0.4179917275905609,0.5820082724094391,3,"synthetic_ambiguity, natural_ambiguity, subtask_3_bad_code",0.75,3,"Implement user interface changes to support MFA enrollment and verification processes, ensuring a seamless user experience.",pass  # To be completed,Rejected,0.07843489199876785,0.9215651080012321,True,Critical
,"---

**Feature Request: Implementation of Enhanced User Authentication Security**

**Objective:**  
To bolster the security of the user authentication process by implementing Multi-Factor Authentication (MFA) and adaptive risk-based authentication mechanisms.

**Key Requirements:**

1. **Multi-Factor Authentication (MFA) Support:**
   - Implement MFA utilizing a combination of knowledge factors (passwords), possession factors (OTP via SMS/Email or authentication apps), and inherence factors (biometric verification).
   - Ensure the in a scalable way","---

**Feature Request: Implementation of Enhanced User Authentication Security**

**Objective:**  
To bolster the security of the user authentication process by implementing Multi-Factor Authentication (MFA) and adaptive risk-based authentication mechanisms.

**Key Requirements:**

1. **Multi-Factor Authentication (MFA) Support:**
   - Implement MFA utilizing a combination of knowledge factors (passwords), possession factors (OTP via SMS/Email or authentication apps), and inherence factors (biometric verification).
   - Ensure the",4,0.4179917275905609,0.5820082724094391,3,"synthetic_ambiguity, natural_ambiguity, subtask_3_bad_code",0.75,4,"Conduct thorough testing of the MFA implementation, including unit, integration, and user acceptance testing, to ensure security and functionality.","def fix_vulnerability(vuln_id):
    patch = SecurityPatch(vuln_id)
    return patch.apply()",Approved,0.10375221073627472,0.8962477892637253,False,Critical
,"**Feature Request: Enhanced Multi-Factor Authentication (MFA) System**

**Objective:**  
To implement a robust Multi-Factor Authentication system that enhances security by requiring users to provide two or more verification factors to gain access to the application, thereby reducing the risk of unauthorized access.

**Key Requirements:**

1. **Support for TOTP-Based Authentication:**
   - Integrate Time-Based One-Time Password (TOTP) protocols to generate dynamic, time-sensitive passcodes that are valid for a limited","**Feature Request: Enhanced Multi-Factor Authentication (MFA) System**

**Objective:**  
To implement a robust Multi-Factor Authentication system that enhances security by requiring users to provide two or more verification factors to gain access to the application, thereby reducing the risk of unauthorized access.

**Key Requirements:**

1. **Support for TOTP-Based Authentication:**
   - Integrate Time-Based One-Time Password (TOTP) protocols to generate dynamic, time-sensitive passcodes that are valid for a limited",4,0.37839359045028687,0.6216064095497131,1,subtask_4_bad_code,0.5,1,Research and select a suitable TOTP library or service that can be integrated with the existing backend system.,"def research_and_select_():
    """"""Research and select a suitable TOTP library or service that can b...",Approved,0.618016242980957,0.38198375701904297,False,Moderate
,"**Feature Request: Enhanced Multi-Factor Authentication (MFA) System**

**Objective:**  
To implement a robust Multi-Factor Authentication system that enhances security by requiring users to provide two or more verification factors to gain access to the application, thereby reducing the risk of unauthorized access.

**Key Requirements:**

1. **Support for TOTP-Based Authentication:**
   - Integrate Time-Based One-Time Password (TOTP) protocols to generate dynamic, time-sensitive passcodes that are valid for a limited","**Feature Request: Enhanced Multi-Factor Authentication (MFA) System**

**Objective:**  
To implement a robust Multi-Factor Authentication system that enhances security by requiring users to provide two or more verification factors to gain access to the application, thereby reducing the risk of unauthorized access.

**Key Requirements:**

1. **Support for TOTP-Based Authentication:**
   - Integrate Time-Based One-Time Password (TOTP) protocols to generate dynamic, time-sensitive passcodes that are valid for a limited",4,0.37839359045028687,0.6216064095497131,1,subtask_4_bad_code,0.5,2,"Design and implement the backend logic to generate and validate TOTP codes, ensuring secure storage and transmission of any necessary secrets.","def design_and_implement():
    """"""Design and implement the backend logic to generate and validate T...",Approved,0.6937204003334045,0.30627959966659546,False,Moderate
,"**Feature Request: Enhanced Multi-Factor Authentication (MFA) System**

**Objective:**  
To implement a robust Multi-Factor Authentication system that enhances security by requiring users to provide two or more verification factors to gain access to the application, thereby reducing the risk of unauthorized access.

**Key Requirements:**

1. **Support for TOTP-Based Authentication:**
   - Integrate Time-Based One-Time Password (TOTP) protocols to generate dynamic, time-sensitive passcodes that are valid for a limited","**Feature Request: Enhanced Multi-Factor Authentication (MFA) System**

**Objective:**  
To implement a robust Multi-Factor Authentication system that enhances security by requiring users to provide two or more verification factors to gain access to the application, thereby reducing the risk of unauthorized access.

**Key Requirements:**

1. **Support for TOTP-Based Authentication:**
   - Integrate Time-Based One-Time Password (TOTP) protocols to generate dynamic, time-sensitive passcodes that are valid for a limited",4,0.37839359045028687,0.6216064095497131,1,subtask_4_bad_code,0.5,3,"Develop API endpoints to manage TOTP setup, including endpoints for generating QR codes for user setup and verifying TOTP codes during login.","def authenticate_user(username, password):
    # TODO: Implement OAuth
    return True",Rejected,0.19400310516357422,0.8059968948364258,True,Critical
,"**Feature Request: Enhanced Multi-Factor Authentication (MFA) System**

**Objective:**  
To implement a robust Multi-Factor Authentication system that enhances security by requiring users to provide two or more verification factors to gain access to the application, thereby reducing the risk of unauthorized access.

**Key Requirements:**

1. **Support for TOTP-Based Authentication:**
   - Integrate Time-Based One-Time Password (TOTP) protocols to generate dynamic, time-sensitive passcodes that are valid for a limited","**Feature Request: Enhanced Multi-Factor Authentication (MFA) System**

**Objective:**  
To implement a robust Multi-Factor Authentication system that enhances security by requiring users to provide two or more verification factors to gain access to the application, thereby reducing the risk of unauthorized access.

**Key Requirements:**

1. **Support for TOTP-Based Authentication:**
   - Integrate Time-Based One-Time Password (TOTP) protocols to generate dynamic, time-sensitive passcodes that are valid for a limited",4,0.37839359045028687,0.6216064095497131,1,subtask_4_bad_code,0.5,4,Implement logging and monitoring for TOTP-related activities to detect and respond to potential security threats or misuse.,pass  # To be completed,Rejected,0.007834693416953087,0.9921653065830469,True,Critical
,"**Feature Request: Implementation of Secure Payment Processing Module**

**Objective:**  
Develop a secure and efficient payment processing module to handle transactions within our platform, ensuring compliance with industry standards and enhancing user trust.

**Technical Requirements:**

1. **PCI-DSS Compliance:**
   - The payment processing module must adhere to the latest Payment Card Industry Data Security Standard (PCI-DSS) guidelines to ensure secure handling and storage of cardholder data. This includes implementing encryption for data at rest and in transit,","**Feature Request: Implementation of Secure Payment Processing Module**

**Objective:**  
Develop a secure and efficient payment processing module to handle transactions within our platform, ensuring compliance with industry standards and enhancing user trust.

**Technical Requirements:**

1. **PCI-DSS Compliance:**
   - The payment processing module must adhere to the latest Payment Card Industry Data Security Standard (PCI-DSS) guidelines to ensure secure handling and storage of cardholder data. This includes implementing encryption for data at rest and in transit,",4,0.4318203330039978,0.5681796669960022,1,subtask_3_bad_code,0.75,1,Research and understand the latest PCI-DSS guidelines relevant to payment processing and identify key compliance requirements.,"class PaymentProcessor:
    def charge(self, amount, card):
        # Stripe integration placeholder...",Rejected,0.2380787432193756,0.7619212567806244,True,Severe
,"**Feature Request: Implementation of Secure Payment Processing Module**

**Objective:**  
Develop a secure and efficient payment processing module to handle transactions within our platform, ensuring compliance with industry standards and enhancing user trust.

**Technical Requirements:**

1. **PCI-DSS Compliance:**
   - The payment processing module must adhere to the latest Payment Card Industry Data Security Standard (PCI-DSS) guidelines to ensure secure handling and storage of cardholder data. This includes implementing encryption for data at rest and in transit,","**Feature Request: Implementation of Secure Payment Processing Module**

**Objective:**  
Develop a secure and efficient payment processing module to handle transactions within our platform, ensuring compliance with industry standards and enhancing user trust.

**Technical Requirements:**

1. **PCI-DSS Compliance:**
   - The payment processing module must adhere to the latest Payment Card Industry Data Security Standard (PCI-DSS) guidelines to ensure secure handling and storage of cardholder data. This includes implementing encryption for data at rest and in transit,",4,0.4318203330039978,0.5681796669960022,1,subtask_3_bad_code,0.75,2,"Design and implement encryption mechanisms for data at rest and in transit, ensuring they meet PCI-DSS standards.","def design_and_implement():
    """"""Design and implement encryption mechanisms for data at rest and i...",Approved,0.6758453845977783,0.3241546154022217,False,Moderate
,"**Feature Request: Implementation of Secure Payment Processing Module**

**Objective:**  
Develop a secure and efficient payment processing module to handle transactions within our platform, ensuring compliance with industry standards and enhancing user trust.

**Technical Requirements:**

1. **PCI-DSS Compliance:**
   - The payment processing module must adhere to the latest Payment Card Industry Data Security Standard (PCI-DSS) guidelines to ensure secure handling and storage of cardholder data. This includes implementing encryption for data at rest and in transit,","**Feature Request: Implementation of Secure Payment Processing Module**

**Objective:**  
Develop a secure and efficient payment processing module to handle transactions within our platform, ensuring compliance with industry standards and enhancing user trust.

**Technical Requirements:**

1. **PCI-DSS Compliance:**
   - The payment processing module must adhere to the latest Payment Card Industry Data Security Standard (PCI-DSS) guidelines to ensure secure handling and storage of cardholder data. This includes implementing encryption for data at rest and in transit,",4,0.4318203330039978,0.5681796669960022,1,subtask_3_bad_code,0.75,3,"Develop a secure data storage solution for cardholder data, ensuring minimal data retention and secure access controls.",return {'status': 'unimplemented'},Approved,0.0,1.0,False,Critical
,"**Feature Request: Implementation of Secure Payment Processing Module**

**Objective:**  
Develop a secure and efficient payment processing module to handle transactions within our platform, ensuring compliance with industry standards and enhancing user trust.

**Technical Requirements:**

1. **PCI-DSS Compliance:**
   - The payment processing module must adhere to the latest Payment Card Industry Data Security Standard (PCI-DSS) guidelines to ensure secure handling and storage of cardholder data. This includes implementing encryption for data at rest and in transit,","**Feature Request: Implementation of Secure Payment Processing Module**

**Objective:**  
Develop a secure and efficient payment processing module to handle transactions within our platform, ensuring compliance with industry standards and enhancing user trust.

**Technical Requirements:**

1. **PCI-DSS Compliance:**
   - The payment processing module must adhere to the latest Payment Card Industry Data Security Standard (PCI-DSS) guidelines to ensure secure handling and storage of cardholder data. This includes implementing encryption for data at rest and in transit,",4,0.4318203330039978,0.5681796669960022,1,subtask_3_bad_code,0.75,4,Conduct a compliance audit to verify that the implemented solutions meet PCI-DSS requirements and prepare documentation for certification.,"def conduct_a_compliance():
    """"""Conduct a compliance audit to verify that the implemented solutio...",Approved,0.8133572340011597,0.18664276599884033,False,Low
